recordId,steamAppId
recvqJjvjOkx7C,534380
recvqJjvjO5atY,1478500
recvqJjvjOTT2q,1262350
recvod9tLM3SFl,3595270
recvod9tLMaptT,1676840
recvod9tLMYvCJ,368340
recvmcevuGBNEc,
recvmcevuG4L3g,2515020
recvmcevuG1IIG,379430
recvmcevuGo1SR,2513280
recvmcevuGU7Gt,1874000
recvmcevuGP2Is,2300320
recvmcevuGQtbV,2091020
recvmcevuG236q,582660
recvkOhIHj4RTV,962130
recvkOhIHjwyvB,2017080
recvkOhIHjDkXU,1361210
recvjyzXpKooPD,
recvjyzXpKUFQ7,2842040
recvjyzXpK4aj4,1174180
recvjyzXpKlYTk,1623940
recvjyzXpKHu1Q,1684350
recvjyzXpKqU6d,1832040
recvjyzXpKLcW6,2544110
recvjyzXpKzlwn,2102450
recvieE7YAuC5g,3405690
recvieE7YAyH4I,2277560
recvieE7YA7G9W,1809540
recvgVFr4bahJG,
recvgVFr4bTXgT,2561580
recvgVFr4bQlDr,2698940
recvgVFr4bpZeQ,3551340
recvgVFr4bpmIw,3178350
recvgVFr4bVrRf,2067050
recvgVFr4bfZMt,2223840
recvgVFr4ba5nJ,1102190
recvfAUWBzvo60,1501750
recvfAUWBzxSgU,2478970
recvfAUWBz05GH,1858630
recvdDrluJiXeZ,
recvdDrluJkTuz,2183900
recvdDrluJKrcm,1687950
recvdDrluJIuew,3230400
recvdDrluJce84,990380
recvdDrluJOdbI,2933130
recvdDrluJRH38,361420
recvdDrluJC9JT,2114740
recvc7RbvAL3KY,2385530
recvc7RdcbJDVI,1446780
recvc7TmGLu8ua,1657630
recvciklXzB7eN,306130
recvb4ksQWFTMr,331750
recvaTJY5b1BlV,2651280
recvaTJY5bfQF9,1249970
recvaTJY5bJPdn,2420660
recvb4kyupDylZ,695330
recvb4kyupg4cb,1277400
recvb4kyup34pA,2356560
recvb4kyupPmpY,1491670
recvb4kyup267F,2821610
recvb4kurTSnPC,2340870
recv9oWs7D3b3E,1451190
recv9p1iP98zcm,848450
recv9p6ct4uhHk,2386310
recv9Ex7tgoxXK,502500
recv8eXFoWmvQj,
recv8ePaKCio3m,1196590
recv8ePaKC9xjT,2072450
recv8ePaKCY6z1,2477340
recv8ePaKCJWqw,2233120
recv8kItMSGJKh,1940340
recv8ePaKCru2U,2653790
recv8ePaKCQbSi,550320
recv8kIzbDeOix,1629520
recv841wy0nzMr,1846380
recv841yeS1jdW,1522160
recv841yeSXqLs,1621690
rec26BbSD54f92,
rec26BbSD54dLq,3035570
rec26BbSD54e1e,1448440
rec26BbSD54eaF,881020
rec26BbSD54ej1,2688950
rec26BbSD54esz,2305840
rec26BbSD54eIT,2428810
rec26BbSD54eRH,1770490
rec26BbSD54f0B,1952520
rec26BbSD54fhg,1263240
rec26BbSD54fq7,2668510
recv841yeS2zPX,2428810
recv841yeSiUd4,1430190
recv841yeSgAkQ,1304930
recv841yeS0Jrw,1245480
recv841yeSndUy,1533420
rec26BbSD54gYZ,8000
rec26BbSD54fxi,3240220
rec26BbSD54fFt,1458140
rec26BbSD54fMH,1622910
rec26BbSD54gjy,581320
rec26BbSD54gsl,2366980
rec26BbSD54gAN,835960
rec26BbSD54gIP,2350280
rec26BbSD54gR5,3077390
recv7NjFOzp7Ji,2383760
recv83nQgyQb6w,418240
recv83nQgyWhuL,281990
recv841yeSGtlK,1332010
recv841yeSD3Pc,1849250
recv841yeSot02,508440
recv83nQgynakV,
recv83nQgy5V8H,2124490
recv83nQgyBou0,2172010
recv83nQgyhrCI,1604030
recv83nQgySV8D,1235140
recv9oTjPZSQQW,1235140
recv83nQgy2I82,1721470
recv83nQgygh7c,1341820
recv83nQgyW61K,1150530
recv841yeSUaWJ,
recv841yeS2XIN,850190
recv841yeScD92,1497440
recv83nQgy8HnZ,224300
recv83nQgy7114,2531310
recv83nQgyWsFp,2878960
recv83nQgyICNw,2254740
recv83nQgyMLUF,815370
recv83nQgylz7w,1902690
recv83nQgyksaG,1996010
recv83nQgyGdTY,731040
recv83nQgyeajW,1286990
recv841yeSKVrs,607080
recv841yeS5y0O,1382070
recv841yeS9r1b,1149440
recv83nQgyn9Wu,883710
recv83nQgydoWN,4249120
recv83nQgykcvg,1971870
recv83nQgyzxwj,1817070
recv83nQgyOvON,2453160
recv83nQgy2Tfy,2291060
recv83nQgyxdG9,
recv83nQgywBr2,
recv83nQgyRe3B,1373960
recv83nQgyfZn4,924750
recv83nQgy1D7m,1158160
recv841yeSjFhg,1627720
recv841yeSI6cY,221100
recv83nQgyBIa4,
recv83nQgyUpLC,
recv83nQgyhVFN,1091500
recv83nQgyIxue,427410
recv83nQgyRkyG,1493640
recv83nQgyQJ7G,2078350
recv83nQgy0YZu,703080
recv83nQgyGbX0,632360
recv83nQgyK6qi,492720
recv83nQgykxUx,1063730
recv841yeS8wRz,2344520
recv841yeSMRXQ,1498570
recv841yeS8KlM,1977170
recv83nQgyCnYb,1255560
recv83nQgygFKh,1712350
recv83nQgyU6cg,2272540
recv83nQgyiN4h,1517290
recv83nQgyaqB1,2287520
recv83nQgyGSSS,518790
recv83nQgyOupq,1730700
recv83nQgyvhqq,1658280
recv83nQgyRwz1,2967990
recv83nQgy8S2m,1485590
recv83nQgyS367,1546970
recv83nQgyicty,2648100
recv83nQgyhyFZ,2853730
recv841yeSnRVC,2878980
recv841yeSNhOF,1310410
recv841yeSSCAx,1353230
recv841yeSjxDF,2336880
recv83nQgyxAjO,1346400
recv83nQgyKc1t,1887840
recv83nQgy1Yg2,1979440
recv83nQgyqTVt,1777620
recv83nQgyPxRh,732690
recv83nQgylo7v,1238810
recv83nQgyfbSH,s1323391
recv83nQgyxlfw,2157560
recv83nQgyRkYt,477160
recv83nQgyCtpV,2111170
recv83nQgyPZT0,780290
recv83nQgyh5OF,979690
recv841yeS8gWO,2399830
recv841yeSSpxi,2379780
recv841yeSQB8I,2005010
recv83nQgysM5O,548890
recv83nQgyJgMr,
recv83nQgynfwW,990080
recv83nQgyTXB2,1569580
recv83nQgyymiy,1902960
recv83nQgyV1wI,1677350
recv83nQgyBCVk,1238840
recv83nQgyGHmc,1599600
recv841yeS6c4S,1681430
recv841yeShmWY,1433140
recv841yeSU9Aw,1042550
recv83nQgyOIVm,2676160
recv83nQgyIOHp,
recv83nQgyMrA4,
recv83nQgySkWU,
recv83nQgyKUsy,
recv83nQgyCQpu,2751000
recv83nQgyUWBy,1163550
recv83nQgyaByd,
recv83nQgycMZQ,1388870
recv83nQgyzBFt,1227650
recv83nQgypSKz,2233280
recv83nQgyLz7Y,1410640
recv841yeSL1T1,1845910
recv841yeSCoiK,2055290
recv841yeS7OXS,1659600
recv83nQgyZ6UL,
recv83nQgyDLTy,
recv83nQgyZj3o,1774580
recv83nQgysC3X,1785650
recv83nQgyCICJ,1902960
recv83nQgyUxCr,1295270
recv83nQgyIPYD,1671410
recv83nQgy9aJ1,1831700
recv83nQgyzJyW,629760
recv841yeSgj1g,1272080
recv841yeSFYrK,1859470
recv841yeSwrjF,1575640
recv83nQgyPzA7,
recv83nQgyQHlE,
recv83nQgyjntQ,2322010
recv83nQgyRJzO,2375550
recv83nQgyGaHW,1230530
recv83nQgy0bLD,824550
recv83nQgyhjIm,1122720
recv83nQgyROCG,1368030
recv83nQgygCxY,1522820
recv83nQgyh0ps,1578650
recv83nQgyX7dm,1174460
recv841yeSJGgS,315210
recv841yeSXPm9,1328660
recv841yeS7GME,1018800
recv83nQgyiC4F,
recv83nQgyvizk,
recv83nQgySELO,
recv83nQgyDYGr,
recv83nQgyctDw,1237320
recv83nQgyhdJm,1680880
recv83nQgyodwm,
recv83nQgysgJY,1953520
recv83nQgy3q3a,1330470
recv83nQgyA6eG,1244460
recv83nQgyvi2M,914800
recv83nQgy2mpF,1663220
recv83nQgyRtdx,1201270
recv83nQgy6moL,850320
recv83nQgyME8Q,1071870
recv841yeSpJl0,1426210
recv841yeSMak3,1150440
recv841yeS6MQb,745920
recv83nQgyHWSI,4608830
recv83nQgyPrHq,
recv83nQgycezl,242960
recv83nQgy2fdw,3240220
recv83nQgyUfms,534380
recv83nQgypRn2,1805480
recv83nQgyZCeL,2581700
recv83nQgycWzA,1235730
recv83nQgykyVF,871980
recv83nQgygud8,1243830
recv83nQgyXZKH,1430680
recv83nQgyDlKm,1903620
recv83nQgy4S9W,
recv83nQgyRtag,1824220
recv841yeSKOoH,2051120
recv841yeSku71,1475810
recv841yeSIZad,2213190
recv83nQgyZTbP,1755100
recv83nQgyO5M5,4249130
recv83nQgyMVdS,
recv83nQgyFY0f,928390
recv83nQgyEF8Z,934700
recv83nQgychBm,1649080
recv83nQgyJIaN,1567020
recv83nQgyM0Lo,683320
recv83nQgykPsB,2060130
recv83nQgy48kh,2383990
recv83nQgySqZG,420560
recv83nQgykvYS,1830630
recv83nQgyDgdD,2062690
recv83nQgypxr0,460930
recv841yeSfCH9,2315690
recv841yeSvJ21,1693980
recv841yeSv0XR,1388880
recv83nQgysFFG,
recv83nQgy2NfZ,
recv83nQgycD8T,
recv83nQgyZZ5j,1888930
recv83nQgyQGlR,1627570
recv83nQgyP8lA,1975440
recv83nQgyCNvn,1206370
recv83nQgyo2UD,244850
recv83nQgyG2Wh,1466640
recv83nQgyNtMz,552520
recv841yeSn4aI,2878600
recv841yeSOD9u,
recv841yeSXxY8,860510
recv83nQgy8luj,726830
recv83nQgyCm0q,
recv83nQgyQjmv,
recv83nQgySx2P,
recv83nQgyjo9A,840720
recv83nQgyssf1,292030
recv83nQgy7u1j,1938010
recv83nQgywUpx,1313140
recv83nQgyxQlj,1650010
recv83nQgy2hfu,447040
recv83nQgyE8m9,1566880
recv83nQgyMa0O,633230
recv83nQgyuXO9,1009290
recv83nQgy6TBN,626690
recv83nQgyxcaV,607890
recv841yeSeYOk,920210
recv841yeSplGw,747660
recv841yeSwsXj,1369630
recv83nQgyTrgl,448280
recv83nQgy2ggJ,275570
recv83nQgyqC4g,
recv83nQgyWipj,
recv83nQgy5kDa,1282100
recv83nQgy15WX,1608070
recv83nQgyGQfQ,261550
recv83nQgyMydw,1184370
recv83nQgyACRq,1744330
recv83nQgyycF0,961490
recv83nQgy2orN,1702260
recv83nQgyVxpK,460920
recv841yeSXkOc,397540
recv841yeSbUB0,
recv841yeSrjGw,945360
recv83nQgyKCtr,1683340
recv83nQgyNs2J,
recv83nQgyR5f9,
recv83nQgycTSi,
recv83nQgyqYwo,7000
recv83nQgypTVk,
recv83nQgyL1N7,
recv83nQgysTF1,
recv83nQgyx8o6,1408230
recv83nQgy1FDg,885000
recv83nQgyt2SB,1082430
recv83nQgyoi31,916840
recv83nQgyfKVT,1446780
recv83nQgyzE1q,2252570
recv83nQgyRn7g,1158310
recv83nQgy3Yk7,2058750
recv83nQgyTgmi,1406810
recv83nQgyUgPB,916440
recv83nQgyixGR,997010
recv83nQgys3ux,298110
recv83nQgyM3zW,285160
recv83nQgy0JbY,818320
recv83nQgyGbOi,1547000
recv83nQgyZCnb,2358260
recv841yeSvJxP,1282150
recv841yeSKQ0a,1913210
recv841yeSlkEg,245620
recv83nQgyupNv,
recv83nQgyXK6j,
recv83nQgy5iGi,70660
recv83nQgy6BjW,647830
recv83nQgytJ7q,1562430
recv83nQgyTQX2,1174180
recv83nQgyfKEQ,820520
recv83nQgyDmGd,1235731
recv83nQgyYhRP,2933080
recv83nQgyYbu1,2750080
recv83nQgy3Ghd,1324130
recv83nQgyBXMg,593280
recv83nQgy828n,914710
recv83nQgy1Gcq,881320
recv83nQgyZMGJ,243470
recv83nQgyTZnR,813230
recv841yeSqWCB,2195250
recv841yeSvvgB,2144740
recv841yeSsiWv,553420
recv83nQgyzn49,259190
recv83nQgyFzQa,456540
recv83nQgyGDHC,
recv83nQgyYlML,
recv83nQgyevHE,2316580
recv83nQgyANcw,1868140
recv83nQgysiLp,1064070
recv83nQgyyK2j,1273400
recv83nQgywFZu,646910
recv83nQgy6foS,730390
recv83nQgyazWp,640590
recv83nQgyyh9N,1141050
recv83nQgyp7Yb,1345890
recv83nQgy1j9Z,405310
recv83nQgyR0aj,1649010
recv83nQgyy9bO,1621990
recv841yeSLr8N,2009100
recv841yeS0uT7,1928870
recv841yeSZLxV,1147560
recv83nQgy9wga,
recv83nQgyOPap,
recv83nQgyn18Y,
recv83nQgy5Tl9,787480
recv83nQgyOgRT,1372110
recv83nQgydn78,2338770
recv83nQgyxKEI,368260
recv83nQgywG3I,952060
recv83nQgyvXQS,829110
recv83nQgyhHhu,1197030
recv83nQgyNNom,1016950
recv83nQgydZS3,1016960
recv83nQgyDtyM,851850
recv841yeSg6LI,2108330
recv841yeSYbwS,2138710
recv841yeSbm14,1321680
recv83nQgytmjt,
recv83nQgyqxCk,372360
recv83nQgyYh6W,738540
recv83nQgy92ZR,
recv83nQgy4idV,1846380
recv83nQgyTyKu,1920490
recv83nQgyd4ZW,740130
recv83nQgyTe27,2208920
recv83nQgySNx3,332310
recv83nQgyzNVy,352400
recv83nQgyhIgb,351970
recv83nQgyiVNk,1076200
recv83nQgys9V1,1069690
recv83nQgyFOO8,1749750
recv841yeSIhwR,
recv841yeSuhN2,1294420
recv841yeSPcso,1283400
recv83nQgygSwx,
recv83nQgyIzms,
recv83nQgyAFIy,586200
recv83nQgyhYaj,1175830
recv83nQgy4rox,637670
recv83nQgyajvE,1286680
recv83nQgygqXY,883710
recv83nQgyfBNZ,1161580
recv83nQgyL4hV,578330
recv83nQgy4Vx8,225540
recv83nQgykuqD,861650
recv83nQgyHnca,418240
recv83nQgy7ETH,1299510
recv83nQgyYg8s,684450
recv841yeSO2ov,1182900
recv841yeSNJLJ,1065310
recv841yeSyAKU,1432050
recv83nQgyYPd0,363440
recv83nQgybF2v,495050
recv83nQgy7Jff,
recv83nQgybr19,6080
recv83nQgyKHlF,
recv83nQgyGLrf,3240220
recv83nQgyo7UM,1358700
recv83nQgyp6GB,2100160
recv83nQgy78b8,1437400
recv83nQgy5n72,1374970
recv83nQgypspV,742300
recv83nQgyAarw,1546400
recv83nQgy2pq8,1123050
recv83nQgyE0aD,1599020
recv83nQgyxoV6,964800
recv83nQgywqQ0,234650
recv83nQgyUDhP,300550
recv83nQgykeEp,346940
recv841yeSQI8p,1451810
recv841yeSAvKM,1290000
recv841yeSBKoV,757310
recv83nQgy1WgU,
recv83nQgykglC,
recv83nQgyPTq6,1730680
recv83nQgyO7nf,1167630
recv83nQgyc4kY,367500
recv83nQgy4NxX,
recv83nQgyqOKI,383180
recv83nQgygSvM,1049410
recv83nQgyI3k8,1658290
recv83nQgyFXCF,628890
recv83nQgylRlb,836600
recv841yeSjd3q,1030830
recv841yeSi7PO,1276760
recv841yeSeNVI,1549970
recv83nQgyJiLb,
recv83nQgyGSfZ,
recv83nQgyn0XX,
recv83nQgyfALF,
recv83nQgyBBu9,1496790
recv83nQgywa2j,632470
recv83nQgyUdHO,1281590
recv83nQgyBDMj,214490
recv83nQgy9Xat,383150
recv83nQgyoITh,414700
recv83nQgy3xza,1570010
recv83nQgyI7qA,1630110
recv83nQgyMkX8,1108590
recv83nQgyKH8J,
recv83nQgyRsWv,257510
recv841yeSeCpk,1544020
recv841yeSlYFY,1248130
recv841yeSTy4s,1097350
recv83nQgyU1Y6,
recv83nQgyqsih,
recv83nQgyynee,1113560
recv83nQgycXAt,4508570
recv83nQgy9nHM,289070
recv83nQgyfYU2,1776380
recv83nQgyZD4o,1338770
recv83nQgy57ro,
recv83nQgy26ug,1135690
recv83nQgy4QQo,493340
recv83nQgymXN4,282070
recv83nQgyycS0,1020540
recv83nQgyN7ob,865610
recv83nQgyCsSN,1042490
recv83nQgyeBlN,1016790
recv83nQgy0F8B,
recv841yeSLAUS,742420
recv841yeS3OeW,582660
recv841yeSWXZ7,704270
recv83nQgyvQaY,
recv83nQgy6jNV,
recv83nQgyNYGC,
recv83nQgy1S3s,1244090
recv83nQgysN1p,1641700
recv83nQgyazL9,1656330
recv83nQgyUXS6,2058190
recv83nQgyIunh,1266700
recv83nQgy4sdT,535930
recv83nQgyd7nf,1315610
recv83nQgyNFCk,1726120
recv83nQgyRdX3,
recv83nQgyTRhS,311290
recv83nQgyOb9q,1390410
recv841yeSCIdy,1588010
recv841yeS2yeG,894020
recv841yeSmOOA,
recv83nQgyyYsd,
recv83nQgyvtKp,
recv83nQgyzJvz,
recv83nQgyzpE6,1426210
recv83nQgy8LIE,1029690
recv83nQgyUmJw,1465360
recv83nQgy38zn,699130
recv83nQgyddlM,969990
recv83nQgyjcNt,1372280
recv83nQgyWl58,730310
recv83nQgyU1Ep,1591530
recv83nQgyUPDx,1205480
recv841yeSif9K,1985810
recv841yeSq7lo,108710
recv841yeSo6vd,898890
recv83nQgyjQi5,
recva98g6XDi43,1186040
recv83nQgyBMna,
recv83nQgygoYR,
recv83nQgyz00n,2369390
recv83nQgyiZFq,1253920
recv83nQgyF0Zr,1092790
recv83nQgy81r4,337000
recv83nQgys1zc,232090
recv83nQgy01Mq,711540
recv83nQgyCNWW,1042380
recv83nQgyD0JC,1172450
recv83nQgyniUA,1422420
recv83nQgyfyOy,1093290
recv83nQgyr7nc,239160
recv83nQgy7Y5P,1205970
recv83nQgyZpXq,900040
recv83nQgydZN0,440900
recv841yeSlDqP,1919590
recv841yeSwJaY,1370050
recv841yeSAVhe,1244460
recv83nQgy3YbV,
recv83nQgybhQJ,
recv83nQgymheC,
recv83nQgyWxV1,1895880
recv83nQgyPLYo,1581480
recv83nQgyU237,2239550
recv83nQgylgct,403640
recv83nQgyjC3i,614570
recv83nQgy1wfu,1356670
recv83nQgyBU5s,203160
recv83nQgyUBk2,391220
recv83nQgyZHr8,750920
recv83nQgyqCDI,976590
recv83nQgyJH38,601430
recv83nQgyyZ61,1056960
recv83nQgyROgo,1343240
recv83nQgyiyW1,1580240
recv83nQgyd5Lj,978780
recv83nQgyDRha,1392960
recv83nQgycXzo,1608700
recv841yeSsIbS,1307710
recv841yeSJybv,1824220
recv841yeS1OKs,681280
recv83nQgyYj0k,379720
recv83nQgy2Kma,2300
recv83nQgyIlNI,1148590
recv83nQgyKzvn,208200
recv83nQgyPtOQ,205100
recv83nQgy6GW5,1954200
recv83nQgyeEaF,782330
recv83nQgykYjv,2290180
recv83nQgyNnFj,612880
recv83nQgyDIAf,646570
recv83nQgy0mO7,268050
recv83nQgy9XMQ,350080
recv83nQgyPUeq,1449500
recv83nQgyZ70W,1599660
recv841yeSdgj1,1194810
recv841yeSs66H,1599660
recv841yeSqSL9,1283410
recv83nQgypDi4,
recv83nQgyKFac,
recv83nQgykD64,1659420
recv83nQgyMzwe,1496590
recv83nQgyK2be,2379390
recv83nQgyH7WK,1475810
recv83nQgycXxo,936790
recv83nQgyQDCT,2221920
recv83nQgypMvs,532210
recv83nQgyJxbZ,851850
recv83nQgyjWQB,310950
recv83nQgy74UZ,837470
recv83nQgyfXGi,340170
recv83nQgy8TAP,548570
recv83nQgy15fF,1647550
recv83nQgyZ4TT,983970
recv841yeSWu0g,1517290
recv841yeS0L5P,1672970
recv841yeSNGyH,678960
recv83nQgycXMm,
recv83nQgyRibr,
recv83nQgyHBnM,803330
recv83nQgyBnnf,2420110
recv83nQgyOVrj,1577120
recv83nQgy11Hx,418370
recv83nQgy4e2o,680420
recv83nQgyCerx,775500
recv83nQgyAP77,397540
recv83nQgyJ34z,389730
recv83nQgyqUt4,502500
recv83nQgyif1b,1007040
recv83nQgywhQh,987720
recv83nQgyRt2a,525240
recv83nQgyq0Yl,441830
recv83nQgym3hY,1726190
recv841yeSSb9I,1493750
recv841yeScb3M,1190170
recv841yeSUcyl,1314563
recv841yeS6IrO,1030840
recv841yeSmheT,1009290
recv83nQgyUgcC,
recv83nQgyZUqt,
recv83nQgyPHdw,924970
recv83nQgysJwR,678950
recv83nQgykkTu,601150
recv83nQgyaKkg,601150
recv83nQgyF6r7,554620
recv83nQgyPytr,319630
recv83nQgymSyp,1761600
recv83nQgyLYRj,517630
recv83nQgyLqHE,969760
recv83nQgyRI1p,1514930
recv83nQgy9uoF,1255630
recv841yeSzAzF,1172380
recv841yeSqDYO,1151340
recv841yeSEQaM,946030
recv83nQgyhDD3,
recv83nQgy5MHn,
recv83nQgyUeuX,15710
recv83nQgyq6QK,
recv83nQgytMif,552520
recv83nQgysGTw,939960
recv83nQgykLLZ,371660
recv83nQgySnt3,1110910
recv83nQgyNHFa,2058180
recv9oTqidB1sf,1235140
recv83nQgyWt3N,1235140
recv83nQgylayG,1388590
recv83nQgyHrBt,241930
recv83nQgyr0Px,356190
recv83nQgyoMYR,466630
recv83nQgyJqVx,700600
recv83nQgytwdH,728240
recv83nQgygxKA,1063040
recv83nQgyWFWL,1177020
recv83nQgy5DiD,560130
recv83nQgyBT7f,327030
recv83nQgyEbf4,641990
recv841yeSKoZ6,1328670
recv841yeS95gY,1294660
recv841yeSz7Cd,597820
recv83nQgyeM81,489830
recv83nQgyV4Ke,359550
recv83nQgy1dOQ,2552430
recv83nQgyWDZi,2552440
recv83nQgy5rA2,2552450
recv83nQgyTlIW,
recv83nQgyqZ9a,619390
recv83nQgypdRg,2221490
recv83nQgyPMAR,2231380
recv83nQgyfH7u,1153640
recv83nQgyjx0n,501300
recv83nQgyr7Vw,600990
recv83nQgyuGKQ,1039890
recv841yeSKkLC,1325200
recv841yeSEYsr,2950340
recv841yeSbdlr,1138850
recv83nQgyVz4U,1088710
recv83nQgySjBs,1105500
recv83nQgyCsHz,1105510
recv83nQgynbwt,48000
recv83nQgyb56P,
recv83nQgyx73x,234080
recv83nQgy1wCr,16300
recv83nQgy6Bbs,1546990
recv83nQgyXfTw,1295510
recv83nQgy2TUI,812140
recv83nQgydJR9,2436570
recv83nQgy8z7a,1072420
recv83nQgyWiTe,
recv83nQgy8qYu,574050
recv83nQgyInTm,304430
recv83nQgyDvWZ,1293160
recv83nQgymf8m,633230
recv83nQgynFGf,354380
recv83nQgyrsh9,359610
recv83nQgyAQLn,359600
recv83nQgyuJHw,911400
recv83nQgyovGc,368500
recv83nQgySk6E,1210550
recv841yeS01Uo,1271700
recv841yeSGYSA,627270
recv841yeS0c5p,1532350
recv841yeSiHY3,322500
recv841yeSv51n,1402090
recv83nQgy5LBS,
recv83nQgyLOIr,300820
recv83nQgye2ny,
recv83nQgyj9fu,1252330
recv83nQgyQDyU,582160
recv83nQgy8hnv,447040
recv83nQgynGY8,454650
recv83nQgy4IY1,972660
recv83nQgySRgh,1610460
recv83nQgyoIa1,
recv83nQgyNb1o,242550
recv83nQgyMWvn,1190400
recv841yeSYi8X,1222680
recv841yeSUDfR,1090630
recv841yeSF5mP,1307580
recv83nQgypaHq,638970
recv83nQgy9k91,3717330
recv83nQgyfpC9,3717340
recv83nQgyYqO9,381210
recv83nQgy5RL3,460930
recv83nQgyTMkW,674140
recv83nQgyDDHK,412020
recv83nQgyc24b,924980
recv83nQgykRCR,470220
recv83nQgy3j9y,2383760
recv83nQgyhMNU,562810
recv83nQgyTl8w,428660
recv841yeSTz26,1235140
recv841yeSl2Pr,1235140
recv841yeS76ns,424840
recv841yeSTyl1,1016920
recv841yeSUind,2395210
recv83nQgywOlR,
recv83nQgyPxDY,
recv83nQgymgeo,
recv83nQgy2rak,1332010
recv83nQgyZk7q,1462040
recv83nQgyNOFf,997070
recv83nQgyi7WQ,289650
recv83nQgyN58Q,242050
recv83nQgyRS2z,311560
recv83nQgyEWIz,277590
recv83nQgyAwUg,
recv83nQgylW2g,206420
recv83nQgy9AxI,301910
recv83nQgywMCR,758730
recv83nQgyEdll,
recv841yeSRV1m,1378990
recv841yeSw1Hv,939850
recv841yeSbODQ,1515640
recv841yeSsDMG,1079560
recv841yeSjHoM,1593500
recv841yeSnwH7,633230
recv841yeSvuIy,1414850
recv841yeSkIcv,466980
recv83nQgyGQhR,462780
recv83nQgyRCwx,388410
recv83nQgyd1ty,1041720
recv83nQgyZhwP,286690
recv83nQgyKpJ6,287390
recv83nQgydj8s,304240
recv83nQgy1uLm,21130
recv83nQgyuaSw,204120
recv83nQgyyA2M,200260
recv83nQgy77s0,35140
recv83nQgyJpev,49520
recv83nQgyBf33,464920
recv83nQgyEHYw,527100
recv83nQgySRmU,735580
recv83nQgy9kRw,986800
recv83nQgygHQm,1139900
recv83nQgyTQlv,218620
recv83nQgyVpAW,692850
recv83nQgyPhcU,973810
recv83nQgyfitc,374040
recv83nQgyMD5O,208650
recv83nQgyUlUm,
recv83nQgyzDV4,976310
recv83nQgy3ycq,996770
recv83nQgyT30a,774361
recv83nQgyj2ID,728880
recv83nQgypll3,
recv83nQgy3g52,225080
recv83nQgyQejW,824280
recv83nQgy2aQN,2561580
recv83nQgyRxzR,906100
recv83nQgytF0d,228380
recv83nQgyuuZ2,606280
recv83nQgyRt1G,710920
recv83nQgyeOxG,298110
recv83nQgy5w1b,243470
recv83nQgytQRK,646910
recv83nQgyracV,409710
recv83nQgyXTsg,409720
recv83nQgyvVpn,8870
recv83nQgyUf6a,
recv83nQgyaxfY,1817070
recv83nQgyMOef,402130
recv83nQgy5rr6,1082180
recv83nQgyiMeh,1454050
recv83nQgyMqKI,599140
recv83nQgyDFo7,423950
recv83nQgyCmLS,223100
recv83nQgyCqgU,365160
recv83nQgyoW3w,314710
recv83nQgymbwX,941570
recv83nQgyrdXL,1162130
recv83nQgyfFG9,379430
recv83nQgyHw9R,
recv83nQgyh4uk,714370
recv83nQgyQKK9,1341050
recv83nQgyQIyg,726590
recv83nQgyGh8i,250400
recv83nQgy8Gc7,264140
recv83nQgyLIHK,635320
recv83nQgy87RT,374030
recv83nQgyZkbt,237850
recv83nQgyLTfR,640820
recv83nQgyGJW4,627270
recv83nQgyT6UV,967390
recv83nQgyNKrn,349040
recv83nQgygL8K,435100
recv83nQgytv7W,1069970
recv83nQgy9Yv4,345180
recv83nQgyeHE8,604740
recv83nQgyPofC,417290
recv83nQgytokE,258520
recv83nQgyarZm,978300
recv83nQgy72fr,279940
recv83nQgyLYnA,366640
recv83nQgyGXGe,243930
recv83nQgy7stz,492230
recv83nQgy3uBC,287630
recv83nQgyAjh7,291650
recv83nQgyEy1y,2208920
recv83nQgyftSg,1174180
recv83nQgybfZw,1462810
recv83nQgyD2o5,1644960
recv83nQgyjgTW,1036890
recv83nQgyzRQ7,366320
recv83nQgyaXaF,378860
recv83nQgyQC4z,958400
recv8PZrw9NAYV,636450
recva2UJpBtim7,2215430
recva2UW3ziLhz,1088850
recva2V6X3QBAl,1817190
recveX3Tfwkmoj,251470
recvhodFg5mXZ2,870780
recvi4XpGSPbIZ,939850
recvi4XqkdYIWB,1194630
recvk1LYuBIfRi,1480560
recvmFvtGMxxRE,299950
recvmFw5j52NOB,537800
recvmFwgXN3Y6G,1176710
recvozuwhkOfUJ,1223910
recvozuy1rj8ld,
recvozuy1rn499,256290
recvozuy1refW6,1850570
recvozuy1rkvZo,1659420
recvozuy1rWBJP,
recvozuy1rxAP8,2215430
recvozuy1riiEu,274170
recvozuy1rJdRQ,
recvozuy1rlLFw,1659420
recvozuy1raPS8,1386900
recvozuy1rWLdS,539270
recvozuy1r8n7I,
recvozuy1rlY21,245490
recvozuy1ralrM,805550
recvozuy1rC86o,521890
recvozuy1rtzo5,1062830
recvozuy1r7tfT,477160
recvozuy1rTLX8,679110
recvozuy1rSpxJ,1649240
recvozuy1rRCc1,1209360
recvozuy1rUkOg,629820
recvozuy1rVNTC,
recvozuy1r1t5N,1817190
recvozuy1rJMMa,
recvozuy1rRQRo,312660
recvozuy1rAkfr,233450
recvozuy1rfIfV,706020
recvozuy1rP5A9,451020
recvozuy1r9OOP,610370
recvozuy1rAI4h,1593500
recvozuy1r1fnJ,2172010
recvozuy1rbRBz,
recvozuy1r1UFZ,1259420
recvozuy1rH28A,1222140
recvozuy1r93u3,
recvozuy1r9zGZ,
recvozuy1r637Q,
recvozuy1rauyh,
recvozuy1ruO7n,
recvozuy1rK7rX,
recvozuy1ry2Re,1062040
recvozuy1r6Rlg,
recvozuy1r81PS,460120
recvozuy1r6FC8,990050
recvozuy1r5TJH,
recvozuy1rLuOE,
recvozuy1rmBNV,
recvozuy1rm4YG,718850
recvozuy1rlrjY,1072500
recvozuy1rhmfp,914750
recvozuy1rig6i,399810
recvozuy1rSKws,
recvozuy1rNAFp,322520
recvozuy1rgUvH,408250
recvozuy1r6s49,
recvozuy1r0AMv,304390
recvozuy1rrMDt,527230
recvozuy1rTZFa,431240
recvozuy1rAtma,
recvozuy1r2NWs,585900
recvozuy1rxtwr,367520
recvozuy1rteuh,
recvozuy1rpjDt,238370
recvozuy1rO3G9,
recvozuy1roacW,675010
recvozuy1rmeSk,773740
recvozuy1r18GS,1971870
recvozuy1rNVhM,
recvozuy1rnfeP,488790
recvozuy1raNV3,377160
recvozuy1rixjP,298900
recvozuy1rsyj3,647590
recvozuy1rCIME,255710
recvozuy1rzHhA,950050
recvozuy1rYsXH,281990
recvozuy1rceNG,105600
recvozuy1rqygZ,380600
recvozuy1rUylp,378540
recvozuy1rt4nR,338390
recvozuy1rUyFE,365590
recvozuy1rmVr4,647570
recvozuy1rFzmO,435480
recvozuy1rq6Pp,260230
recvozuy1r3vGU,427290
recvozuy1rrjkM,488950
recvozuy1rvMKK,268500
recvozuy1r7xON,
recvozuy1rVCFE,579180
recvozuy1rKmAD,339230
recvozuy1rjwRn,694280
recvozuy1r1HsK,314660
recv841yeSYm4j,1506830
recv841yeS04Sd,1123770
recv841yeSzaXg,858820
recv841yeS0emE,969990
recv841yeSnvVQ,927350
recv841yeSg0so,785260
recv841yeSCREV,225080
recv841yeSE0mH,1139900
recv841yeS5iuT,
recv841yeSdPsO,
recv841yeSeXke,1712840
recv841yeSCeLw,493340
recv841yeSs6S9,
recv841yeSx2Ur,1038250
recv841yeSuPiE,548430
recv841yeSFrdA,2058180
recv841yeSDUMI,1110910
recv841yeSMzXW,829110
recv841yeSnhD5,928960
recv841yeSbvZY,552590
recv841yeS8c7d,1041720
recv841yeS34pM,953880
recv841yeSMqwJ,1140100
recv841yeSQgd1,858260
recv841yeSsEkF,
recv841yeSwcjv,307780
recv841yeSDQuY,1016120
recv841yeS3ZvB,686810
recv841yeSLQX7,863550
recv841yeSLqez,1556200
recv841yeSK0ts,1243830
recv841yeSADRP,1262240
recv841yeSK8OH,1223910
recv841yeSgD1Y,1061100
recv841yeSFCj2,
recv841yeSnRKU,1142100
recv841yeSH4zu,752590
recv841yeSidKM,1222730
recv841yeSEyDJ,
recv841yeSsv9E,1335790
recv841yeSx0BG,1238810
recv841yeSEnj3,914800
recv841yeSnqdv,228380
recv841yeSXFF6,1259420
recv841yeSOdZL,694280
recv841yeScx4q,408410
recv841yeSQ67Q,619390
recv841yeS4MCI,1462040
recv841yeS4wn8,
recv841yeSafvZ,
recv841yeSV9nO,762840
recv841yeSdmfn,
recv841yeSCyym,692850
recv841yeSlbrd,525360
recv841yeSZxQ3,870780
recv841yeSw1Wj,
recv841yeS8yZE,750920
recv841yeSvAa2,606880
recv841yeSRsDX,629820
recv841yeSMF5A,517630
recv841yeSAmDg,1233550
recv841yeSpqfL,1186040
recv841yeSyd2T,674140
recv841yeSmvug,356190
recv841yeSYTMW,367520
recv841yeSYPtY,
recv841yeS7w83,1262580
recv841yeS5Y7a,427290
recv841yeSPnzm,578080
recv841yeS0EtN,310950
recv841yeSpY2u,3595230
recv841yeSKN9G,1097150
recv841yeSZuhN,391220
recv841yeSUBpu,1089350
recv841yeSSZK5,1514930
recv841yeSfGUh,476600
recv841yeSFlNK,1237950
recv841yeSJIkW,255710
recv841yeSqrON,787860
recv841yeSYcwS,1659420
recv841yeSz7n4,690790
recv841yeS4bt3,
recv841yeSOUeB,637100
recv841yeSe3mK,582010
recv841yeSGnzD,409710
recv841yeSSudy,409720
recv841yeSgaCv,8870
recv841yeSfR5q,1222670
recv841yeSt93G,
recv841yeSXt0L,
recv841yeSnXdm,
recv841yeSjLMt,
recv841yeSyYdi,
recv841yeSKBXN,265930
recv841yeSKaUB,1237970
recv841yeSrSUs,711750
recv841yeSx5Ka,485510
recv841yeSFKtf,414700
recv841yeSkRM3,517710
recv841yeSOyxK,1888930
recv841yeSF9T4,
recv841yeSJO9k,606280
recv841yeSvU5R,208650
recv841yeS2WhD,
recv841yeSquOd,341020
recv841yeSmVWt,1222140
recv841yeSoQ5G,371140
recv841yeSd08P,584400
recv841yeShiaB,49520
recv841yeSv8eb,261640
recv841yeSVZAs,543900
recv841yeSCtUG,210970
recv841yeSTvno,378540
recv841yeShTTs,501300
recv841yeSzzkG,393080
recv841yeSNiTJ,285820
recv841yeSqGrz,
recv841yeSc0d7,4184400
recv841yeSgTWY,304390
recv841yeSyJAx,236870
recv841yeSlsc7,
recv841yeSmuoU,266510
recv841yeSE0lC,
recv841yeSQA0B,365590
recv841yeSfBm3,460920
recv841yeSzoaB,948640
recv841yeSudxR,
recv841yeS8Msu,438490
recv841yeSoWkn,
recv841yeSsLBn,
recv841yeSBsgi,
recv841yeSFKq7,960990
recv841yeSkJfL,416790
recv841yeSKMaG,403290
recv841yeSvftB,251850
recv841yeS46bc,374040
recv841yeSv2AI,356400
recv841yeSG6tw,470210
recv841yeShPyJ,204240
recv841yeSPWPS,
recv841yeSUC4D,1085660
recv841yeS5pV6,311240
recv841yeSuGRi,233550
recv841yeSJH49,s93325
recv841yeS3ZRf,418270
recv841yeScQQZ,243930
recv841yeSQj5K,360430
recv841yeS6rWv,464340
recv841yeSLeof,564940
recv841yeSuVHH,200510
recv841yeSNG5g,326340
recv841yeSHzNZ,683280
recv841yeSof6c,564940
recv841yeSPQiO,522880
recv841yeS2p7Q,212630
recv841yeSrTo0,285960
recv841yeSpYAY,245490
recv841yeSXidi,268500
recv841yeSgCxn,311210
recv841yeSZ80K,656460
recv841yeS2UPT,221180
recv841yeSSlJb,242550
recv841yeSJ4g6,375900
recv841yeSzcEH,960910
recv841yeScjZ3,234140
recv841yeSCdlc,586140
recv841yeSXQ37,355050
recv841yeSCZk0,67370
recv841yeShqp9,
recv841yeSN49b,
recv841yeSjo9E,366240
recv841yeS8UjV,314710
recv841yeSwmcQ,261640
recv841yeScEu9,273350
recv841yeSg5ft,
recv841yeSXapv,247950
recv841yeSRRAX,498240
recv841yeS9X4o,337000
recv841yeSvNZu,
recv841yeScFEv,359580
recv841yeS36vV,
recv841yeSoDAT,
recv841yeS2m0p,702110
recv841yeSHd7z,503140
recv841yeSLiyw,
recv841yeSUJ8g,
recv841yeSj7SJ,240760
recv841yeS2G0p,
recv841yeSb1qV,247080
recv841yeSnFhx,
recv841yeStrFh,359450
recv841yeSMuNf,287700
recv841yeSxK6x,476360
recv841yeSdjME,383270
recv841yeSzucy,
recv841yeSXV63,
recv841yeSbTY2,
recv841yeSjYEk,
recv841yeSMunA,256290
recv841yeSW3Z8,277590
recv841yeSPbfi,
recv841yeSZqNS,360740
recv841yeSh4YP,235820
recv841yeS1xL4,
recv841yeSHMeK,330840
recv841yeSZ1FE,
recv841yeSp8nl,50650
recv841yeS3fdT,310080
recv841yeSegkq,
recv841yeSf0BX,269110
recv841yeSyv8q,232090
recv841yeSN7Jf,225540
recv841yeSdT0K,207610
recv841yeSYfGe,452920
recv841yeSlK9t,269110
recv841yeSTqJ6,452920
recv841yeSVCkh,
recv841yeSmcZn,308040
recv841yeSL5IG,258890
recv841yeSSDmn,
recv841yeSRRbd,330830
recv841yeSTu0Z,384190
recv841yeSlUvd,258890
recv841yeSKSfE,307620
recv841yeS3N1R,452510
recv841yeSg7wb,
recv841yeS1MWv,319630
recv841yeSRX4j,638970
recv841yeS3lMw,435790
recv841yeSmVjn,345480
recv841yeSdAIQ,
recv841yeSMZmI,452510
recv841yeShNBT,390340
recv841yeSTzP3,
recv841yeSbjZg,803600
recv841yeSZ71a,439190
recv841yeSArm0,243970
recv841yeSqtgG,263020
recv841yeS91AT,297130
recv841yeSjwvk,217690
recv841yeSMjSc,
recv841yeSgz61,2172010
recv841yeSJyo1,274270
recv841yeSSFXd,263020
recv841yeS5cPM,336840
recv841yeSDnMi,250070
recv841yeSDtcm,
recv841yeSMfga,288040
recv841yeSe4et,265930
recv841yeSKAjo,
recv841yeSvNYU,481090
recv841yeS3Lkz,265930
recv841yeSg8hc,
recv841yeStQOB,351970
recv841yeSeYr7,369110
recv841yeSzBaz,543240
recv841yeSZMym,238370
recv841yeSVKnQ,568060
recv841yeSL9j8,269670
recv841yeSmxty,2225750
recv841yeSjkBq,
recv841yeS4zJT,388750
recv841yeSMDdZ,15130
recv841yeS5mIf,417880
recv841yeSkMtq,206420
recv841yeSPGPB,388750
recv841yeSUn8w,392070
recv841yeSoqBH,208860
recv841yeSFAyB,21800
recv841yeSiS2q,1501750
recv841yeSaXyA,304240
recv841yeSAM9A,
recv841yeSX5xd,
recv841yeSFCAX,638230
recv841yeSphon,33460
recv841yeS71A0,
recv841yeScsCv,
recv841yeS6izk,290300
recv841yeSdHSG,411830
recv841yeSUeB1,33320
recv841yeShT4S,232430
recv841yeSTrOu,437920
recv841yeS7Gwb,292990
recv841yeSNlXS,219190
recv841yeSmWiz,
recv841yeS4o1r,
recv841yeSlrIh,21980
recv841yeSFhLp,301910
recv841yeStNgo,423230
recv841yeSnOg8,
recv841yeSoIbX,370240
recv841yeS95Rf,683280
recv841yeS0CU4,
recv841yeSYo6A,21980
recv841yeSJGAB,332530
recv841yeSef0D,359060
recv841yeS3MLl,
recv841yeSTogl,345080
recv841yeSahmN,214250
recv841yeS8oeV,
recv841yeSuX95,339230
recv841yeSRiIr,366400
recv841yeSFvpO,
recv841yeSlAby,207650
recv841yeSoFBp,960990
recv841yeSaTNr,
recv841yeSpaa4,274190
recv841yeSrYrM,300580
recv841yeSe3wJ,
recv841yeSiq2x,255220
recv841yeS7f6G,1602010
recv841yeS33yt,256460
recv841yeSnzXD,394510
recv841yeSm9c5,325370
recv841yeSRs2Q,352790
recv841yeS6pl6,
recv841yeSRniG,47810
recv841yeSikZo,
recv841yeS6Lkk,
recv841yeSmp79,352790
recv841yeSdWo8,316790
recv841yeSCopD,
recv841yeSAXWb,215510
recv841yeSQ2an,233270
recv841yeSzACg,
recv841yeS016D,345390
recv841yeSsSWi,258970
recv841yeS9WNP,
recv841yeSKP6E,
recv841yeSsPQY,239160
recv841yeSHNk3,2362420
recv841yeSnS6N,40800
recv841yeSuc3C,299600
recv841yeS1aKL,
recv841yeSGgFB,3516620
recv841yeScLCv,
recv841yeSF0wv,211180
recv841yeSK1n2,1152320
recv841yeSdH2z,252950
recv841yeSlSAC,211180
recv841yeSzfpF,250700
recv841yeSVwDM,648630
recv841yeSxwkE,
recv841yeSQ07Y,319140
recv841yeSZJAz,1152300
recv841yeSLazU,
recv841yeSI0wq,
recv841yeSr5qe,1152300
recv841yeSzGM8,323320
recv841yeSup5i,48000
recv841yeSjviu,420770
recv841yeSF4YR,
recv841yeSZCkS,1152310
recv841yeSf4JW,289690
recv841yeSzHlL,228960
recv841yeSG1IY,329380
recv841yeSOdLt,348550
recv841yeSJKUA,348550
recv841yeS5Btf,
recv841yeSilkp,376300
recv841yeSN6gH,242640
recv841yeSMOV5,
recv841yeSPLnV,
recv841yeS9mkD,
recv841yeSMbnz,204450
recv841yeSvLEI,295790
recv841yeSabYB,311340
recv841yeSiZrW,265950
recv841yeSYNBw,
recv841yeSMDu6,
recv841yeSaUX1,1206430
recv841yeSmJek,294060
recv841yeSpaBq,266110
recv841yeSGpqk,275390
recv841yeSMR4X,250900
recv841yeSWE0F,1210550
recv841yeS5zhh,253030
recv841yeS45Pa,
recv841yeS5GZx,
recv841yeShwmi,302710
recv841yeSJLrJ,208750
recv841yeS2fNx,295790
recv841yeS02Aq,365660
recv841yeS0IES,252750
recv841yeSmhPM,
recv841yeST4NE,247660
recv841yeS83AB,
recv841yeSOFBz,260230
recv841yeSFSNb,225140
recv841yeSCvkx,314660
recv841yeS118j,4543950
recv841yeS9qV4,229480
recv841yeS78WW,115320
recv841yeSrjPL,237930
recv841yeS7QVM,241600
recv841yeShN2l,222480
recv841yeSAmKL,
recv841yeSukZO,203210
recv841yeS9Uyh,231160
recv841yeSTTLM,252410
recv841yeSof3R,
recv841yeSOdRf,
recv841yeSJfKh,98200
recv841yeSPVIH,35130
recv841yeSx8bq,242700
recv841yeSExtF,265750
recv841yeSV65G,
recv841yeS2Ny5,
recv841yeScRSb,229890
recv841yeSDIv2,236090
recv841yeSRW08,
recv841yeSEJdB,233150
recv841yeS6mOo,
recv841yeS5mCT,330180
recv841yeSV26J,108500
recv841yeSqRwq,71167
recv841yeSVbzA,219680
recv841yeS3MQE,277850
recv841yeS01Ne,239350
recv841yeSBEA0,1061730
recv841yeSoZjJ,
recv841yeSMe1M,966330
recv841yeSmlLv,63000
recv841yeSw8rR,71166
recv841yeSOfey,204360
recv841yeSOvP1,
recv841yeS77w1,337180
recv841yeSZWyc,209120
recv841yeS2IGW,
recv841yeSob1P,
recv841yeSZ0ZQ,
recv841yeS2YBz,213610
recv841yeSdbM1,263680
recv841yeSEqKV,293740
recv841yeSIS8e,224760
recv841yeS4q6v,322630
recv841yeSfCTw,
recv841yeSaZAT,
recv841yeStAvr,235210
recv841yeSwlDs,251470
recv841yeSDzkC,244890
recv841yeSkF2d,
recv841yeShlQP,
recv841yeSAgXe,
recv841yeSW57g,
recv841yeSTy9d,236450
recv841yeSekRr,35720
recv841yeS2z90,332330
recv841yeSMRSW,220780
recv841yeSVNtv,296770
recv841yeSVOtU,212480
recv841yeS9w3v,
recv841yeSKy1Z,
recv841yeSAUlm,3050220
recv841yeSjHSY,251830
recv841yeSCvVL,209830
recv841yeSn56i,
recv841yeSnz5A,
recv841yeSnomj,
recv841yeSxUDc,219950
recv841yeS8UvI,218820
recv841yeSD1gL,
recv841yeS6Pfb,
recv841yeSWrq9,264400
recv841yeS3Wip,
recv841yeSft0Q,
recv841yeSZBMd,8870
recv841yeSAN4D,248190
recv841yeSXBqo,48000
recv841yeSF0Lk,1580790
recv841yeS8eLi,421610
recv841yeS1lBG,228400
recv841yeS6xS4,
recv841yeSV6W6,238320
recv841yeSptV5,49520
recv841yeSvUR7,243780
recv841yeSis4c,
recv841yeSACod,
recv841yeSk8yx,
recv841yeShSez,
recv841yeSiTTH,8850
recv841yeSakoO,333130
recv841yeSZJte,
recv841yeSlFoa,
recv841yeSzmmD,219740
recvpuYNKUeYc1,
recvpuYNKUy76P,9740
recvpuYNKUrobU,2840770
recvpuYNKUtUrt,1340990
recvpuYNKUasuM,1669480
recvpuYNKUJcID,2816870
recvpuYNKUP1kA,239140
recvpuYNKUBXKd,2442460
recvpuYNKUHJYX,3214870
recvqyRHh7ZHS6,552700
recvqyRRv5pE6b,3837340
recvqyRWyxRs15,1026680
recvqyS0vJrgKT,377840
recvqyS66zTjVO,359870
recvqyS66zOGIS,
recvqyS66zJorK,595520
recvqySaB9IFqT,384190
recvqySfLxMtGD,300060
recvqySk1STI97,360170
recvqyStkvMv1x,1122680
recvqySSBDWsDP,649950
recvqySW3pJEH7,1122690
recvqyT0I5fRDn,951750
recvqyT4XdJpHo,557340
recvqyTdOATfRr,764790
recvqyTeoJLuve,443810
recvqyTjIrqW2l,411300
recvs8MCY47eRa,
recvs8MCY4YeS6,
recvs8MaSKH7Ls,553850
recvs8MaSKX1r4,1771300
recvs8MaSKJw5w,1794680
recvs8MaSKE7hW,1620730
recvs8MaSKFQvo,2313020
recvs8MaSK5f83,2185060
recvs8MaSKnNuj,412020
recvs8MaSKzS1L,534380
recvsxraOS06dL,1945340
recvsxtn2NsFR6,1656330
recvsBRMaA3Q4L,
recvsxv6rEJPVd,3929730
recvsxRLV2oE5Q,450670
recvsxRLV2dZMM,
recvsxRUcNHpFV,378750